canonical,urls
https://toolbox.curioboxapp.info/en/tools,"https://toolbox.curioboxapp.info/en/tools/base64, https://toolbox.curioboxapp.info/en/tools/case-converter, https://toolbox.curioboxapp.info/en/tools/color-converter, https://toolbox.curioboxapp.info/en/tools/credit-card-validator, https://toolbox.curioboxapp.info/en/tools/cron-expression-generator, https://toolbox.curioboxapp.info/en/tools/css-minifier, https://toolbox.curioboxapp.info/en/tools/csv-to-json, https://toolbox.curioboxapp.info/en/tools/duplicate-remover, https://toolbox.curioboxapp.info/en/tools/hash-generator, https://toolbox.curioboxapp.info/en/tools/html-entity-encoder, https://toolbox.curioboxapp.info/en/tools/html-formatter, https://toolbox.curioboxapp.info/en/tools/image-to-base64, https://toolbox.curioboxapp.info/en/tools/json-formatter, https://toolbox.curioboxapp.info/en/tools/json-to-csv, https://toolbox.curioboxapp.info/en/tools/jwt-decoder, https://toolbox.curioboxapp.info/en/tools/line-sorter, https://toolbox.curioboxapp.info/en/tools/lorem-generator, https://toolbox.curioboxapp.info/en/tools/markdown-preview, https://toolbox.curioboxapp.info/en/tools/number-base-converter, https://toolbox.curioboxapp.info/en/tools/password-generator, https://toolbox.curioboxapp.info/en/tools/pdf-merge, https://toolbox.curioboxapp.info/en/tools/pdf-protect, https://toolbox.curioboxapp.info/en/tools/pdf-to-image, https://toolbox.curioboxapp.info/en/tools/pdf-to-word, https://toolbox.curioboxapp.info/en/tools/qr-generator, https://toolbox.curioboxapp.info/en/tools/regex-tester, https://toolbox.curioboxapp.info/en/tools/sql-formatter, https://toolbox.curioboxapp.info/en/tools/string-tools, https://toolbox.curioboxapp.info/en/tools/text-compare, https://toolbox.curioboxapp.info/en/tools/timestamp-converter, https://toolbox.curioboxapp.info/en/tools/url-encoder, https://toolbox.curioboxapp.info/en/tools/uuid-generator, https://toolbox.curioboxapp.info/en/tools/word-counter, https://toolbox.curioboxapp.info/en/tools/xml-formatter, https://toolbox.curioboxapp.info/en/tools/yaml-formatter"
https://toolbox.curioboxapp.info/de/tools,"https://toolbox.curioboxapp.info/de/tools/base64, https://toolbox.curioboxapp.info/de/tools/case-converter, https://toolbox.curioboxapp.info/de/tools/color-converter, https://toolbox.curioboxapp.info/de/tools/credit-card-validator, https://toolbox.curioboxapp.info/de/tools/cron-expression-generator, https://toolbox.curioboxapp.info/de/tools/css-minifier, https://toolbox.curioboxapp.info/de/tools/csv-to-json, https://toolbox.curioboxapp.info/de/tools/duplicate-remover, https://toolbox.curioboxapp.info/de/tools/hash-generator, https://toolbox.curioboxapp.info/de/tools/html-entity-encoder, https://toolbox.curioboxapp.info/de/tools/html-formatter, https://toolbox.curioboxapp.info/de/tools/image-to-base64, https://toolbox.curioboxapp.info/de/tools/json-formatter, https://toolbox.curioboxapp.info/de/tools/json-to-csv, https://toolbox.curioboxapp.info/de/tools/jwt-decoder, https://toolbox.curioboxapp.info/de/tools/line-sorter, https://toolbox.curioboxapp.info/de/tools/lorem-generator, https://toolbox.curioboxapp.info/de/tools/markdown-preview, https://toolbox.curioboxapp.info/de/tools/number-base-converter, https://toolbox.curioboxapp.info/de/tools/password-generator, https://toolbox.curioboxapp.info/de/tools/pdf-merge, https://toolbox.curioboxapp.info/de/tools/pdf-protect, https://toolbox.curioboxapp.info/de/tools/pdf-to-image, https://toolbox.curioboxapp.info/de/tools/pdf-to-word, https://toolbox.curioboxapp.info/de/tools/qr-generator, https://toolbox.curioboxapp.info/de/tools/regex-tester, https://toolbox.curioboxapp.info/de/tools/sql-formatter, https://toolbox.curioboxapp.info/de/tools/string-tools, https://toolbox.curioboxapp.info/de/tools/text-compare, https://toolbox.curioboxapp.info/de/tools/timestamp-converter, https://toolbox.curioboxapp.info/de/tools/url-encoder, https://toolbox.curioboxapp.info/de/tools/uuid-generator, https://toolbox.curioboxapp.info/de/tools/word-counter, https://toolbox.curioboxapp.info/de/tools/xml-formatter, https://toolbox.curioboxapp.info/de/tools/yaml-formatter"
https://toolbox.curioboxapp.info/tr/tools,"https://toolbox.curioboxapp.info/tr/tools/base64, https://toolbox.curioboxapp.info/tr/tools/case-converter, https://toolbox.curioboxapp.info/tr/tools/color-converter, https://toolbox.curioboxapp.info/tr/tools/credit-card-validator, https://toolbox.curioboxapp.info/tr/tools/cron-expression-generator, https://toolbox.curioboxapp.info/tr/tools/css-minifier, https://toolbox.curioboxapp.info/tr/tools/csv-to-json, https://toolbox.curioboxapp.info/tr/tools/duplicate-remover, https://toolbox.curioboxapp.info/tr/tools/hash-generator, https://toolbox.curioboxapp.info/tr/tools/html-entity-encoder, https://toolbox.curioboxapp.info/tr/tools/html-formatter, https://toolbox.curioboxapp.info/tr/tools/image-to-base64, https://toolbox.curioboxapp.info/tr/tools/json-formatter, https://toolbox.curioboxapp.info/tr/tools/json-to-csv, https://toolbox.curioboxapp.info/tr/tools/jwt-decoder, https://toolbox.curioboxapp.info/tr/tools/line-sorter, https://toolbox.curioboxapp.info/tr/tools/lorem-generator, https://toolbox.curioboxapp.info/tr/tools/markdown-preview, https://toolbox.curioboxapp.info/tr/tools/number-base-converter, https://toolbox.curioboxapp.info/tr/tools/password-generator, https://toolbox.curioboxapp.info/tr/tools/pdf-merge, https://toolbox.curioboxapp.info/tr/tools/pdf-protect, https://toolbox.curioboxapp.info/tr/tools/pdf-to-image, https://toolbox.curioboxapp.info/tr/tools/pdf-to-word, https://toolbox.curioboxapp.info/tr/tools/qr-generator, https://toolbox.curioboxapp.info/tr/tools/regex-tester, https://toolbox.curioboxapp.info/tr/tools/sql-formatter, https://toolbox.curioboxapp.info/tr/tools/string-tools, https://toolbox.curioboxapp.info/tr/tools/text-compare, https://toolbox.curioboxapp.info/tr/tools/timestamp-converter, https://toolbox.curioboxapp.info/tr/tools/url-encoder, https://toolbox.curioboxapp.info/tr/tools/uuid-generator, https://toolbox.curioboxapp.info/tr/tools/word-counter, https://toolbox.curioboxapp.info/tr/tools/xml-formatter, https://toolbox.curioboxapp.info/tr/tools/yaml-formatter"
https://toolbox.curioboxapp.info/fr/tools,"https://toolbox.curioboxapp.info/fr/tools/base64, https://toolbox.curioboxapp.info/fr/tools/case-converter, https://toolbox.curioboxapp.info/fr/tools/color-converter, https://toolbox.curioboxapp.info/fr/tools/credit-card-validator, https://toolbox.curioboxapp.info/fr/tools/cron-expression-generator, https://toolbox.curioboxapp.info/fr/tools/css-minifier, https://toolbox.curioboxapp.info/fr/tools/csv-to-json, https://toolbox.curioboxapp.info/fr/tools/duplicate-remover, https://toolbox.curioboxapp.info/fr/tools/hash-generator, https://toolbox.curioboxapp.info/fr/tools/html-entity-encoder, https://toolbox.curioboxapp.info/fr/tools/html-formatter, https://toolbox.curioboxapp.info/fr/tools/image-to-base64, https://toolbox.curioboxapp.info/fr/tools/json-formatter, https://toolbox.curioboxapp.info/fr/tools/json-to-csv, https://toolbox.curioboxapp.info/fr/tools/jwt-decoder, https://toolbox.curioboxapp.info/fr/tools/line-sorter, https://toolbox.curioboxapp.info/fr/tools/lorem-generator, https://toolbox.curioboxapp.info/fr/tools/markdown-preview, https://toolbox.curioboxapp.info/fr/tools/number-base-converter, https://toolbox.curioboxapp.info/fr/tools/password-generator, https://toolbox.curioboxapp.info/fr/tools/pdf-merge, https://toolbox.curioboxapp.info/fr/tools/pdf-protect, https://toolbox.curioboxapp.info/fr/tools/pdf-to-image, https://toolbox.curioboxapp.info/fr/tools/pdf-to-word, https://toolbox.curioboxapp.info/fr/tools/qr-generator, https://toolbox.curioboxapp.info/fr/tools/regex-tester, https://toolbox.curioboxapp.info/fr/tools/sql-formatter, https://toolbox.curioboxapp.info/fr/tools/string-tools, https://toolbox.curioboxapp.info/fr/tools/text-compare, https://toolbox.curioboxapp.info/fr/tools/timestamp-converter, https://toolbox.curioboxapp.info/fr/tools/url-encoder, https://toolbox.curioboxapp.info/fr/tools/uuid-generator, https://toolbox.curioboxapp.info/fr/tools/word-counter, https://toolbox.curioboxapp.info/fr/tools/xml-formatter, https://toolbox.curioboxapp.info/fr/tools/yaml-formatter"
https://toolbox.curioboxapp.info/pt/tools,"https://toolbox.curioboxapp.info/pt/tools/base64, https://toolbox.curioboxapp.info/pt/tools/case-converter, https://toolbox.curioboxapp.info/pt/tools/color-converter, https://toolbox.curioboxapp.info/pt/tools/credit-card-validator, https://toolbox.curioboxapp.info/pt/tools/cron-expression-generator, https://toolbox.curioboxapp.info/pt/tools/css-minifier, https://toolbox.curioboxapp.info/pt/tools/csv-to-json, https://toolbox.curioboxapp.info/pt/tools/duplicate-remover, https://toolbox.curioboxapp.info/pt/tools/hash-generator, https://toolbox.curioboxapp.info/pt/tools/html-entity-encoder, https://toolbox.curioboxapp.info/pt/tools/html-formatter, https://toolbox.curioboxapp.info/pt/tools/image-to-base64, https://toolbox.curioboxapp.info/pt/tools/json-formatter, https://toolbox.curioboxapp.info/pt/tools/json-to-csv, https://toolbox.curioboxapp.info/pt/tools/jwt-decoder, https://toolbox.curioboxapp.info/pt/tools/line-sorter, https://toolbox.curioboxapp.info/pt/tools/lorem-generator, https://toolbox.curioboxapp.info/pt/tools/markdown-preview, https://toolbox.curioboxapp.info/pt/tools/number-base-converter, https://toolbox.curioboxapp.info/pt/tools/password-generator, https://toolbox.curioboxapp.info/pt/tools/pdf-merge, https://toolbox.curioboxapp.info/pt/tools/pdf-protect, https://toolbox.curioboxapp.info/pt/tools/pdf-to-image, https://toolbox.curioboxapp.info/pt/tools/pdf-to-word, https://toolbox.curioboxapp.info/pt/tools/qr-generator, https://toolbox.curioboxapp.info/pt/tools/regex-tester, https://toolbox.curioboxapp.info/pt/tools/sql-formatter, https://toolbox.curioboxapp.info/pt/tools/string-tools, https://toolbox.curioboxapp.info/pt/tools/text-compare, https://toolbox.curioboxapp.info/pt/tools/timestamp-converter, https://toolbox.curioboxapp.info/pt/tools/url-encoder, https://toolbox.curioboxapp.info/pt/tools/uuid-generator, https://toolbox.curioboxapp.info/pt/tools/word-counter, https://toolbox.curioboxapp.info/pt/tools/xml-formatter, https://toolbox.curioboxapp.info/pt/tools/yaml-formatter"
https://toolbox.curioboxapp.info/es/tools,"https://toolbox.curioboxapp.info/es/tools/base64, https://toolbox.curioboxapp.info/es/tools/case-converter, https://toolbox.curioboxapp.info/es/tools/color-converter, https://toolbox.curioboxapp.info/es/tools/credit-card-validator, https://toolbox.curioboxapp.info/es/tools/cron-expression-generator, https://toolbox.curioboxapp.info/es/tools/css-minifier, https://toolbox.curioboxapp.info/es/tools/csv-to-json, https://toolbox.curioboxapp.info/es/tools/duplicate-remover, https://toolbox.curioboxapp.info/es/tools/hash-generator, https://toolbox.curioboxapp.info/es/tools/html-entity-encoder, https://toolbox.curioboxapp.info/es/tools/html-formatter, https://toolbox.curioboxapp.info/es/tools/image-to-base64, https://toolbox.curioboxapp.info/es/tools/json-formatter, https://toolbox.curioboxapp.info/es/tools/json-to-csv, https://toolbox.curioboxapp.info/es/tools/jwt-decoder, https://toolbox.curioboxapp.info/es/tools/line-sorter, https://toolbox.curioboxapp.info/es/tools/lorem-generator, https://toolbox.curioboxapp.info/es/tools/markdown-preview, https://toolbox.curioboxapp.info/es/tools/number-base-converter, https://toolbox.curioboxapp.info/es/tools/password-generator, https://toolbox.curioboxapp.info/es/tools/pdf-merge, https://toolbox.curioboxapp.info/es/tools/pdf-protect, https://toolbox.curioboxapp.info/es/tools/pdf-to-image, https://toolbox.curioboxapp.info/es/tools/pdf-to-word, https://toolbox.curioboxapp.info/es/tools/qr-generator, https://toolbox.curioboxapp.info/es/tools/regex-tester, https://toolbox.curioboxapp.info/es/tools/sql-formatter, https://toolbox.curioboxapp.info/es/tools/string-tools, https://toolbox.curioboxapp.info/es/tools/text-compare, https://toolbox.curioboxapp.info/es/tools/timestamp-converter, https://toolbox.curioboxapp.info/es/tools/url-encoder, https://toolbox.curioboxapp.info/es/tools/uuid-generator, https://toolbox.curioboxapp.info/es/tools/word-counter, https://toolbox.curioboxapp.info/es/tools/xml-formatter, https://toolbox.curioboxapp.info/es/tools/yaml-formatter"
https://toolbox.curioboxapp.info/it/tools,"https://toolbox.curioboxapp.info/it/tools/base64, https://toolbox.curioboxapp.info/it/tools/case-converter, https://toolbox.curioboxapp.info/it/tools/color-converter, https://toolbox.curioboxapp.info/it/tools/credit-card-validator, https://toolbox.curioboxapp.info/it/tools/cron-expression-generator, https://toolbox.curioboxapp.info/it/tools/css-minifier, https://toolbox.curioboxapp.info/it/tools/csv-to-json, https://toolbox.curioboxapp.info/it/tools/duplicate-remover, https://toolbox.curioboxapp.info/it/tools/hash-generator, https://toolbox.curioboxapp.info/it/tools/html-entity-encoder, https://toolbox.curioboxapp.info/it/tools/html-formatter, https://toolbox.curioboxapp.info/it/tools/image-to-base64, https://toolbox.curioboxapp.info/it/tools/json-formatter, https://toolbox.curioboxapp.info/it/tools/json-to-csv, https://toolbox.curioboxapp.info/it/tools/jwt-decoder, https://toolbox.curioboxapp.info/it/tools/line-sorter, https://toolbox.curioboxapp.info/it/tools/lorem-generator, https://toolbox.curioboxapp.info/it/tools/markdown-preview, https://toolbox.curioboxapp.info/it/tools/number-base-converter, https://toolbox.curioboxapp.info/it/tools/password-generator, https://toolbox.curioboxapp.info/it/tools/pdf-merge, https://toolbox.curioboxapp.info/it/tools/pdf-protect, https://toolbox.curioboxapp.info/it/tools/pdf-to-image, https://toolbox.curioboxapp.info/it/tools/pdf-to-word, https://toolbox.curioboxapp.info/it/tools/qr-generator, https://toolbox.curioboxapp.info/it/tools/regex-tester, https://toolbox.curioboxapp.info/it/tools/sql-formatter, https://toolbox.curioboxapp.info/it/tools/string-tools, https://toolbox.curioboxapp.info/it/tools/text-compare, https://toolbox.curioboxapp.info/it/tools/timestamp-converter, https://toolbox.curioboxapp.info/it/tools/url-encoder, https://toolbox.curioboxapp.info/it/tools/uuid-generator, https://toolbox.curioboxapp.info/it/tools/word-counter, https://toolbox.curioboxapp.info/it/tools/xml-formatter, https://toolbox.curioboxapp.info/it/tools/yaml-formatter"
https://toolbox.curioboxapp.info/nl/tools,"https://toolbox.curioboxapp.info/nl/tools/base64, https://toolbox.curioboxapp.info/nl/tools/case-converter, https://toolbox.curioboxapp.info/nl/tools/color-converter, https://toolbox.curioboxapp.info/nl/tools/credit-card-validator, https://toolbox.curioboxapp.info/nl/tools/cron-expression-generator, https://toolbox.curioboxapp.info/nl/tools/css-minifier, https://toolbox.curioboxapp.info/nl/tools/csv-to-json, https://toolbox.curioboxapp.info/nl/tools/duplicate-remover, https://toolbox.curioboxapp.info/nl/tools/hash-generator, https://toolbox.curioboxapp.info/nl/tools/html-entity-encoder, https://toolbox.curioboxapp.info/nl/tools/html-formatter, https://toolbox.curioboxapp.info/nl/tools/image-to-base64, https://toolbox.curioboxapp.info/nl/tools/json-formatter, https://toolbox.curioboxapp.info/nl/tools/json-to-csv, https://toolbox.curioboxapp.info/nl/tools/jwt-decoder, https://toolbox.curioboxapp.info/nl/tools/line-sorter, https://toolbox.curioboxapp.info/nl/tools/lorem-generator, https://toolbox.curioboxapp.info/nl/tools/markdown-preview, https://toolbox.curioboxapp.info/nl/tools/number-base-converter, https://toolbox.curioboxapp.info/nl/tools/password-generator, https://toolbox.curioboxapp.info/nl/tools/pdf-merge, https://toolbox.curioboxapp.info/nl/tools/pdf-protect, https://toolbox.curioboxapp.info/nl/tools/pdf-to-image, https://toolbox.curioboxapp.info/nl/tools/pdf-to-word, https://toolbox.curioboxapp.info/nl/tools/qr-generator, https://toolbox.curioboxapp.info/nl/tools/regex-tester, https://toolbox.curioboxapp.info/nl/tools/sql-formatter, https://toolbox.curioboxapp.info/nl/tools/string-tools, https://toolbox.curioboxapp.info/nl/tools/text-compare, https://toolbox.curioboxapp.info/nl/tools/timestamp-converter, https://toolbox.curioboxapp.info/nl/tools/url-encoder, https://toolbox.curioboxapp.info/nl/tools/uuid-generator, https://toolbox.curioboxapp.info/nl/tools/word-counter, https://toolbox.curioboxapp.info/nl/tools/xml-formatter, https://toolbox.curioboxapp.info/nl/tools/yaml-formatter"
https://toolbox.curioboxapp.info/ja/tools,"https://toolbox.curioboxapp.info/ja/tools/base64, https://toolbox.curioboxapp.info/ja/tools/case-converter, https://toolbox.curioboxapp.info/ja/tools/color-converter, https://toolbox.curioboxapp.info/ja/tools/credit-card-validator, https://toolbox.curioboxapp.info/ja/tools/cron-expression-generator, https://toolbox.curioboxapp.info/ja/tools/css-minifier, https://toolbox.curioboxapp.info/ja/tools/csv-to-json, https://toolbox.curioboxapp.info/ja/tools/duplicate-remover, https://toolbox.curioboxapp.info/ja/tools/hash-generator, https://toolbox.curioboxapp.info/ja/tools/html-entity-encoder, https://toolbox.curioboxapp.info/ja/tools/html-formatter, https://toolbox.curioboxapp.info/ja/tools/image-to-base64, https://toolbox.curioboxapp.info/ja/tools/json-formatter, https://toolbox.curioboxapp.info/ja/tools/json-to-csv, https://toolbox.curioboxapp.info/ja/tools/jwt-decoder, https://toolbox.curioboxapp.info/ja/tools/line-sorter, https://toolbox.curioboxapp.info/ja/tools/lorem-generator, https://toolbox.curioboxapp.info/ja/tools/markdown-preview, https://toolbox.curioboxapp.info/ja/tools/number-base-converter, https://toolbox.curioboxapp.info/ja/tools/password-generator, https://toolbox.curioboxapp.info/ja/tools/pdf-merge, https://toolbox.curioboxapp.info/ja/tools/pdf-protect, https://toolbox.curioboxapp.info/ja/tools/pdf-to-image, https://toolbox.curioboxapp.info/ja/tools/pdf-to-word, https://toolbox.curioboxapp.info/ja/tools/qr-generator, https://toolbox.curioboxapp.info/ja/tools/regex-tester, https://toolbox.curioboxapp.info/ja/tools/sql-formatter, https://toolbox.curioboxapp.info/ja/tools/string-tools, https://toolbox.curioboxapp.info/ja/tools/text-compare, https://toolbox.curioboxapp.info/ja/tools/timestamp-converter, https://toolbox.curioboxapp.info/ja/tools/url-encoder, https://toolbox.curioboxapp.info/ja/tools/uuid-generator, https://toolbox.curioboxapp.info/ja/tools/word-counter, https://toolbox.curioboxapp.info/ja/tools/xml-formatter, https://toolbox.curioboxapp.info/ja/tools/yaml-formatter"
https://toolbox.curioboxapp.info/ru/tools,"https://toolbox.curioboxapp.info/ru/tools/base64, https://toolbox.curioboxapp.info/ru/tools/case-converter, https://toolbox.curioboxapp.info/ru/tools/color-converter, https://toolbox.curioboxapp.info/ru/tools/credit-card-validator, https://toolbox.curioboxapp.info/ru/tools/cron-expression-generator, https://toolbox.curioboxapp.info/ru/tools/css-minifier, https://toolbox.curioboxapp.info/ru/tools/csv-to-json, https://toolbox.curioboxapp.info/ru/tools/duplicate-remover, https://toolbox.curioboxapp.info/ru/tools/hash-generator, https://toolbox.curioboxapp.info/ru/tools/html-entity-encoder, https://toolbox.curioboxapp.info/ru/tools/html-formatter, https://toolbox.curioboxapp.info/ru/tools/image-to-base64, https://toolbox.curioboxapp.info/ru/tools/json-formatter, https://toolbox.curioboxapp.info/ru/tools/json-to-csv, https://toolbox.curioboxapp.info/ru/tools/jwt-decoder, https://toolbox.curioboxapp.info/ru/tools/line-sorter, https://toolbox.curioboxapp.info/ru/tools/lorem-generator, https://toolbox.curioboxapp.info/ru/tools/markdown-preview, https://toolbox.curioboxapp.info/ru/tools/number-base-converter, https://toolbox.curioboxapp.info/ru/tools/password-generator, https://toolbox.curioboxapp.info/ru/tools/pdf-merge, https://toolbox.curioboxapp.info/ru/tools/pdf-protect, https://toolbox.curioboxapp.info/ru/tools/pdf-to-image, https://toolbox.curioboxapp.info/ru/tools/pdf-to-word, https://toolbox.curioboxapp.info/ru/tools/qr-generator, https://toolbox.curioboxapp.info/ru/tools/regex-tester, https://toolbox.curioboxapp.info/ru/tools/sql-formatter, https://toolbox.curioboxapp.info/ru/tools/string-tools, https://toolbox.curioboxapp.info/ru/tools/text-compare, https://toolbox.curioboxapp.info/ru/tools/timestamp-converter, https://toolbox.curioboxapp.info/ru/tools/url-encoder, https://toolbox.curioboxapp.info/ru/tools/uuid-generator, https://toolbox.curioboxapp.info/ru/tools/word-counter, https://toolbox.curioboxapp.info/ru/tools/xml-formatter, https://toolbox.curioboxapp.info/ru/tools/yaml-formatter"
